{
 "acts": [
  "Indian Contract (Amendment) Act, 1996",
  "Indian Contract Act, 1872",
  "Madhya Pradesh Indian Contract (Amendment) Act, 1938",
  "Contract Labour (Regulation and Abolition) Act, 1970",
  "Contract Labour (Regulation and Abolition) Amendment Act, 1986",
  "Karnataka Contract Carriages (Acquisition) (Amendment) Act, 1979",
  "Karnataka Contract Carriages (Acquisition) (Amendment) Act, 1981",
  "Karnataka Contract Carriages (Acquisition) Act, 1976",
  "Karnataka Contract Carriages (Acquisition) (Amendment) Act, 1997",
  "Mysore Contract (Extension to Agricultural Land) Act, 1954"
 ],
 "cases": {
  "1961_D_12": 0,
  "1980_T_30": 0.0022638439378152428,
  "1961_S_29": 0.003877660233592337,
  "1997_T_19": 0.0040163552507572545,
  "1961_R_20": 0.0028468228301182508,
  "1966_I_5": 0.002462809875372274,
  "2004_G_2": 0.003426629087118703,
  "1964_S_44": 0.004637703489185525,
  "1954_T_31": 0.08958896322331962,
  "1966_A_21": 0.0029771902368190928
 }
}