{
   "cases": {
      "2017_S_191": 0.0019900818520823984, 
      "2013_U_96": 0.0019900818520823984, 
      "2013_S_358": 0.0028182904777597573, 
      "2008_L_35": 0.0020895757928906717, 
      "2007_S_538": 0.0019900818520823984, 
      "2012_A_68": 0.0019900818520823984, 
      "2017_S_436": 0.0019900818520823984, 
      "2012_G_19": 0.0019900818520823984, 
      "2008_C_238": 0.0023978857085745807
   }, 
   "acts": [
      "Goa Value Added Tax (First Amendment) Act, 2005", 
      "Goa Value Added Tax (Second Amendment) Act, 2006", 
      "Goa Value Added Tax (Third Amendment) Act, 2008", 
      "Goa Value Added Tax Act, 2005", 
      "Puducherry Value Added Tax (Amendment) Act, 2009", 
      "Value Added Tax Act, 2002", 
      "Karnataka Value Added Tax (Amendment) Act, 2011", 
      "Karnataka Value Added Tax (Amendment) Act, 2006", 
      "Karnataka Value Added Tax (Amendment) Act, 2012", 
      "Karnataka Value Added Tax (Amendment) Act, 2015"
   ]
}