{
 "acts": [
  "Black Money (Undisclosed Foreign Income and Assets) and Imposition of Tax Act, 2015",
  "Companies (Surcharge on Income Tax) Act, 1971",
  "Compulsory Deposit Scheme (Income Tax Payers) Act, 1974",
  "Compulsory Deposit Scheme (Income Tax Payers) Amendment Act, 1981",
  "Compulsory Deposit Scheme (Income Tax Payers) Amendment Act, 1985",
  "Income Tax (Amendment) Act, 1963",
  "Income Tax (Amendment) Act, 1965",
  "Income Tax (Amendment) Act, 1972",
  "Income Tax (Amendment) Act, 1973",
  "Income Tax (Amendment) Act, 1976"
 ],
 "cases": {
  "1975_M_19": 0.002882599617288771,
  "1981_C_32": 0.017801644343328673,
  "1981_C_30": 0.004275997967215558,
  "1971_A_36": 0.003176644815029276,
  "1970_C_64": 0.0032623781555378246,
  "2008_M_476": 0,
  "1997_C_331": 0.0025362154348270035,
  "1973_C_24": 0.001998074148677107,
  "1991_A_70": 0.002896777036769684,
  "2018_E_3": 0.001998074148677107
 }
}